Document,Document|urn:iso:std:iso:20022:tech:xsd:camt.029.001.09
Document/RsltnOfInvstgtn/Assgnmt/Id|FEDNOW,Document
Document/RsltnOfInvstgtn/Assgnmt/Assgnr/Agt/FinInstnId/ClrSysMmbId/ClrSysId/Cd,Document/FIToFIPmtCxlReq/Assgnmt/Assgnr/Agt/FinInstnId/ClrSysMmbId/ClrSysId/Cd
Document/RsltnOfInvstgtn/Assgnmt/Assgnr/Agt/FinInstnId/ClrSysMmbId/MmbId,Document/FIToFIPmtCxlReq/Assgnmt/Assgnr/Agt/FinInstnId/ClrSysMmbId/MmbId
Document/RsltnOfInvstgtn/Assgnmt/Assgne/Agt/FinInstnId/ClrSysMmbId/ClrSysId/Cd,Document/FIToFIPmtCxlReq/Assgnmt/Assgne/Agt/FinInstnId/ClrSysMmbId/ClrSysId/Cd
Document/RsltnOfInvstgtn/Assgnmt/Assgne/Agt/FinInstnId/ClrSysMmbId/MmbId,Document/FIToFIPmtCxlReq/Assgnmt/Assgne/Agt/FinInstnId/ClrSysMmbId/MmbId
Document/RsltnOfInvstgtn/Assgnmt/CreDtTm|Date,Document
Document/RsltnOfInvstgtn/RslvdCase/Id,Document/FIToFIPmtCxlReq/Case/Id
Document/RsltnOfInvstgtn/RslvdCase/Cretr/Pty/Nm,Document/FIToFIPmtCxlReq/Case/Cretr/Pty/Nm
Document/RsltnOfInvstgtn/RslvdCase/Cretr/Pty/Id/OrgId/AnyBIC,Document/FIToFIPmtCxlReq/Case/Cretr/Pty/Id/OrgId/AnyBIC
Document/RsltnOfInvstgtn/RslvdCase/Cretr/Pty/Id/OrgId/LEI,Document/FIToFIPmtCxlReq/Case/Cretr/Pty/Id/OrgId/LEI
Document/RsltnOfInvstgtn/RslvdCase/Cretr/Pty/Id/OrgId/Othr/Id,Document/FIToFIPmtCxlReq/Case/Cretr/Pty/Id/OrgId/Othr/Id
Document/RsltnOfInvstgtn/RslvdCase/Cretr/Pty/Id/OrgId/Othr/SchmeNm/Cd,Document/FIToFIPmtCxlReq/Case/Cretr/Pty/Id/OrgId/Othr/SchmeNm/Cd
Document/RsltnOfInvstgtn/RslvdCase/Cretr/Pty/Id/OrgId/Othr/Issr,Document/FIToFIPmtCxlReq/Case/Cretr/Pty/Id/OrgId/Othr/Issr
Document/RsltnOfInvstgtn/RslvdCase/Cretr/Pty/CtctDtls/Nm,Document/FIToFIPmtCxlReq/Case/Cretr/Pty/CtctDtls/Nm
Document/RsltnOfInvstgtn/RslvdCase/Cretr/Pty/CtctDtls/PhneNb,Document/FIToFIPmtCxlReq/Case/Cretr/Pty/CtctDtls/PhneNb
Document/RsltnOfInvstgtn/RslvdCase/Cretr/Pty/CtctDtls/MobNb,Document/FIToFIPmtCxlReq/Case/Cretr/Pty/CtctDtls/MobNb
Document/RsltnOfInvstgtn/RslvdCase/Cretr/Pty/CtctDtls/EmailAdr,Document/FIToFIPmtCxlReq/Case/Cretr/Pty/CtctDtls/EmailAdr
Document/RsltnOfInvstgtn/RslvdCase/Cretr/Pty/CtctDtls/Dept,Document/FIToFIPmtCxlReq/Case/Cretr/Pty/CtctDtls/Dept
Document/RsltnOfInvstgtn/RslvdCase/Cretr/Pty/CtctDtls/PrefrdMtd,Document/FIToFIPmtCxlReq/Case/Cretr/Pty/CtctDtls/PrefrdMtd
Document/RsltnOfInvstgtn/Sts/Conf|,Document
Document/RsltnOfInvstgtn/CxlDtls/TxInfAndSts/OrgnlGrpInf/OrgnlMsgId,Document/FIToFIPmtCxlReq/Assgnmt/Id
Document/RsltnOfInvstgtn/CxlDtls/TxInfAndSts/OrgnlGrpInf/OrgnlMsgNmId|camt.056.001.08,Document
Document/RsltnOfInvstgtn/CxlDtls/TxInfAndSts/OrgnlGrpInf/OrgnlCreDtTm,Document/FIToFIPmtCxlReq/Assgnmt/CreDtTm
Document/RsltnOfInvstgtn/CxlDtls/TxInfAndSts/OrgnlInstrId,Document/FIToFIPmtCxlReq/Undrlyg/TxInf/OrgnlInstrId
Document/RsltnOfInvstgtn/CxlDtls/TxInfAndSts/OrgnlEndToEndId,Document/FIToFIPmtCxlReq/Undrlyg/TxInf/OrgnlEndToEndId
Document/RsltnOfInvstgtn/CxlDtls/TxInfAndSts/OrgnlTxId,Document/FIToFIPmtCxlReq/Undrlyg/TxInf/OrgnlTxId
Document/RsltnOfInvstgtn/CxlDtls/TxInfAndSts/OrgnlUETR,Document/FIToFIPmtCxlReq/Undrlyg/TxInf/OrgnlUETR
Document/RsltnOfInvstgtn/CxlDtls/TxInfAndSts/CxlStsRsnInf/Orgtr/Nm|HARI,Document
Document/RsltnOfInvstgtn/CxlDtls/TxInfAndSts/CxlStsRsnInf/Orgtr/Id/OrgId/AnyBIC|A123FDU3O23,Document
Document/RsltnOfInvstgtn/CxlDtls/TxInfAndSts/CxlStsRsnInf/Orgtr/Id/OrgId/LEI|AB123456789876543212,Document
Document/RsltnOfInvstgtn/CxlDtls/TxInfAndSts/CxlStsRsnInf/Orgtr/Id/OrgId/Othr/Id|999888877,Document
Document/RsltnOfInvstgtn/CxlDtls/TxInfAndSts/CxlStsRsnInf/Orgtr/Id/OrgId/Othr/SchmeNm/Cd|G001,Document
Document/RsltnOfInvstgtn/CxlDtls/TxInfAndSts/CxlStsRsnInf/Orgtr/Id/OrgId/Othr/Issr|testfilepac,Document
Document/RsltnOfInvstgtn/CxlDtls/TxInfAndSts/CxlStsRsnInf/Orgtr/CtctDtls/Nm|HARI,Document
Document/RsltnOfInvstgtn/CxlDtls/TxInfAndSts/CxlStsRsnInf/Orgtr/CtctDtls/PhneNb|+91-9998888777,Document
Document/RsltnOfInvstgtn/CxlDtls/TxInfAndSts/CxlStsRsnInf/Orgtr/CtctDtls/MobNb|+91-9998888777,Document
Document/RsltnOfInvstgtn/CxlDtls/TxInfAndSts/CxlStsRsnInf/Orgtr/CtctDtls/EmailAdr|test@test.com,Document
Document/RsltnOfInvstgtn/CxlDtls/TxInfAndSts/CxlStsRsnInf/Orgtr/CtctDtls/Dept|str1234,Document
Document/RsltnOfInvstgtn/CxlDtls/TxInfAndSts/CxlStsRsnInf/Orgtr/CtctDtls/PrefrdMtd|MAIL,Document
Document/RsltnOfInvstgtn/CxlDtls/TxInfAndSts/CxlStsRsnInf/Rsn/Cd|AC04,Document
Document/RsltnOfInvstgtn/CxlDtls/TxInfAndSts/CxlStsRsnInf/AddtlInf|str1234,Document
Document/RsltnOfInvstgtn/CxlDtls/TxInfAndSts/RsltnRltdInf/EndToEndId,Document/FIToFIPmtCxlReq/Undrlyg/TxInf/OrgnlEndToEndId
Document/RsltnOfInvstgtn/CxlDtls/TxInfAndSts/RsltnRltdInf/TxId,Document/FIToFIPmtCxlReq/Undrlyg/TxInf/OrgnlTxId
Document/RsltnOfInvstgtn/CxlDtls/TxInfAndSts/RsltnRltdInf/UETR,Document/FIToFIPmtCxlReq/Undrlyg/TxInf/OrgnlUETR
Document/RsltnOfInvstgtn/CxlDtls/TxInfAndSts/RsltnRltdInf/IntrBkSttlmAmt,Document/FIToFIPmtCxlReq/Undrlyg/TxInf/OrgnlIntrBkSttlmAmt
Document/RsltnOfInvstgtn/CxlDtls/TxInfAndSts/RsltnRltdInf/IntrBkSttlmDt|Date,Document
Document/RsltnOfInvstgtn/CxlDtls/TxInfAndSts/RsltnRltdInf/ClrChanl|RTGS,Document
Document/RsltnOfInvstgtn/CxlDtls/TxInfAndSts/RsltnRltdInf/Chrgs/Amt,Document/FIToFIPmtCxlReq/Undrlyg/TxInf/OrgnlIntrBkSttlmAmt
Document/RsltnOfInvstgtn/CxlDtls/TxInfAndSts/RsltnRltdInf/Chrgs/Agt/FinInstnId/BICFI|A123FDU3O23,Document
Document/RsltnOfInvstgtn/CxlDtls/TxInfAndSts/RsltnRltdInf/Chrgs/Agt/FinInstnId/ClrSysMmbId/ClrSysId/Cd|USABA,Document
Document/RsltnOfInvstgtn/CxlDtls/TxInfAndSts/RsltnRltdInf/Chrgs/Agt/FinInstnId/ClrSysMmbId/MmbId|123456789,Document
Document/RsltnOfInvstgtn/CxlDtls/TxInfAndSts/RsltnRltdInf/Chrgs/Agt/FinInstnId/LEI|AB123456789876543212,Document
Document/RsltnOfInvstgtn/CxlDtls/TxInfAndSts/RsltnRltdInf/Chrgs/Agt/FinInstnId/Nm|str1234,Document
Document/RsltnOfInvstgtn/CxlDtls/TxInfAndSts/RsltnRltdInf/Chrgs/Agt/FinInstnId/PstlAdr/Dept|str1235,Document
Document/RsltnOfInvstgtn/CxlDtls/TxInfAndSts/RsltnRltdInf/Chrgs/Agt/FinInstnId/PstlAdr/SubDept|str1236,Document
Document/RsltnOfInvstgtn/CxlDtls/TxInfAndSts/RsltnRltdInf/Chrgs/Agt/FinInstnId/PstlAdr/StrtNm|str1237,Document
Document/RsltnOfInvstgtn/CxlDtls/TxInfAndSts/RsltnRltdInf/Chrgs/Agt/FinInstnId/PstlAdr/BldgNb|str1238,Document
Document/RsltnOfInvstgtn/CxlDtls/TxInfAndSts/RsltnRltdInf/Chrgs/Agt/FinInstnId/PstlAdr/BldgNm|str1239,Document
Document/RsltnOfInvstgtn/CxlDtls/TxInfAndSts/RsltnRltdInf/Chrgs/Agt/FinInstnId/PstlAdr/Flr|str1240,Document
Document/RsltnOfInvstgtn/CxlDtls/TxInfAndSts/RsltnRltdInf/Chrgs/Agt/FinInstnId/PstlAdr/PstBx|str1241,Document
Document/RsltnOfInvstgtn/CxlDtls/TxInfAndSts/RsltnRltdInf/Chrgs/Agt/FinInstnId/PstlAdr/Room|str1242,Document
Document/RsltnOfInvstgtn/CxlDtls/TxInfAndSts/RsltnRltdInf/Chrgs/Agt/FinInstnId/PstlAdr/PstCd|str1243,Document
Document/RsltnOfInvstgtn/CxlDtls/TxInfAndSts/RsltnRltdInf/Chrgs/Agt/FinInstnId/PstlAdr/TwnNm|str1244,Document
Document/RsltnOfInvstgtn/CxlDtls/TxInfAndSts/RsltnRltdInf/Chrgs/Agt/FinInstnId/PstlAdr/TwnLctnNm|str1245,Document
Document/RsltnOfInvstgtn/CxlDtls/TxInfAndSts/RsltnRltdInf/Chrgs/Agt/FinInstnId/PstlAdr/DstrctNm|str1246,Document
Document/RsltnOfInvstgtn/CxlDtls/TxInfAndSts/RsltnRltdInf/Chrgs/Agt/FinInstnId/PstlAdr/CtrySubDvsn|NY,Document
Document/RsltnOfInvstgtn/CxlDtls/TxInfAndSts/RsltnRltdInf/Chrgs/Agt/FinInstnId/PstlAdr/Ctry|US,Document
Document/RsltnOfInvstgtn/CxlDtls/TxInfAndSts/RsltnRltdInf/Chrgs/Agt/FinInstnId/PstlAdr/AdrLine|str1249,Document
