Document,Document|urn:iso:std:iso:20022:tech:xsd:pacs.004.001.10
Document/PmtRtr/GrpHdr/MsgId|FEDNOW,Document
Document/PmtRtr/GrpHdr/CreDtTm|Date,Document
Document/PmtRtr/GrpHdr/NbOfTxs,Document/FIToFICstmrCdtTrf/GrpHdr/NbOfTxs
Document/PmtRtr/GrpHdr/SttlmInf/SttlmMtd,Document/FIToFICstmrCdtTrf/GrpHdr/SttlmInf/SttlmMtd
Document/PmtRtr/GrpHdr/SttlmInf/ClrSys/Cd,Document/FIToFICstmrCdtTrf/GrpHdr/SttlmInf/ClrSys/Cd
Document/PmtRtr/TxInf/RtrId,Document
Document/PmtRtr/TxInf/OrgnlGrpInf/OrgnlMsgId,Document/FIToFICstmrCdtTrf/GrpHdr/MsgId
Document/PmtRtr/TxInf/OrgnlGrpInf/OrgnlMsgNmId|pacs.008.001.08,Document
Document/PmtRtr/TxInf/OrgnlGrpInf/OrgnlCreDtTm,Document/FIToFICstmrCdtTrf/GrpHdr/CreDtTm
Document/PmtRtr/TxInf/OrgnlInstrId,Document/FIToFICstmrCdtTrf/CdtTrfTxInf/PmtId/InstrId
Document/PmtRtr/TxInf/OrgnlEndToEndId,Document/FIToFICstmrCdtTrf/CdtTrfTxInf/PmtId/EndToEndId
Document/PmtRtr/TxInf/OrgnlTxId,Document/FIToFICstmrCdtTrf/CdtTrfTxInf/PmtId/TxId
Document/PmtRtr/TxInf/OrgnlUETR,Document/FIToFICstmrCdtTrf/CdtTrfTxInf/PmtId/UETR
Document/PmtRtr/TxInf/OrgnlIntrBkSttlmAmt,Document/FIToFICstmrCdtTrf/CdtTrfTxInf/IntrBkSttlmAmt
Document/PmtRtr/TxInf/OrgnlIntrBkSttlmDt,Document/FIToFICstmrCdtTrf/CdtTrfTxInf/IntrBkSttlmDt
Document/PmtRtr/TxInf/RtrdIntrBkSttlmAmt,Document
Document/PmtRtr/TxInf/IntrBkSttlmDt,Document
Document/PmtRtr/TxInf/CompstnAmt,Document
Document/PmtRtr/TxInf/ChrgBr,Document/FIToFICstmrCdtTrf/CdtTrfTxInf/ChrgBr,Document
Document/PmtRtr/TxInf/InstgAgt/FinInstnId/ClrSysMmbId/ClrSysId/Cd,Document/FIToFICstmrCdtTrf/CdtTrfTxInf/InstgAgt/FinInstnId/ClrSysMmbId/ClrSysId/Cd
Document/PmtRtr/TxInf/InstgAgt/FinInstnId/ClrSysMmbId/MmbId,Document/FIToFICstmrCdtTrf/CdtTrfTxInf/InstgAgt/FinInstnId/ClrSysMmbId/MmbId
Document/PmtRtr/TxInf/InstdAgt/FinInstnId/ClrSysMmbId/ClrSysId/Cd,Document/FIToFICstmrCdtTrf/CdtTrfTxInf/InstdAgt/FinInstnId/ClrSysMmbId/ClrSysId/Cd
Document/PmtRtr/TxInf/InstdAgt/FinInstnId/ClrSysMmbId/MmbId,Document/FIToFICstmrCdtTrf/CdtTrfTxInf/InstdAgt/FinInstnId/ClrSysMmbId/MmbId
Document/PmtRtr/TxInf/RtrChain/UltmtDbtr/Pty/Nm,Document/FIToFICstmrCdtTrf/CdtTrfTxInf/UltmtDbtr/Nm
Document/PmtRtr/TxInf/RtrChain/UltmtDbtr/Pty/PstlAdr/Dept,Document/FIToFICstmrCdtTrf/CdtTrfTxInf/UltmtDbtr/PstlAdr/Dept
Document/PmtRtr/TxInf/RtrChain/UltmtDbtr/Pty/PstlAdr/SubDept,Document/FIToFICstmrCdtTrf/CdtTrfTxInf/UltmtDbtr/PstlAdr/SubDept
Document/PmtRtr/TxInf/RtrChain/UltmtDbtr/Pty/PstlAdr/StrtNm,Document/FIToFICstmrCdtTrf/CdtTrfTxInf/UltmtDbtr/PstlAdr/StrtNm
Document/PmtRtr/TxInf/RtrChain/UltmtDbtr/Pty/PstlAdr/BldgNb,Document/FIToFICstmrCdtTrf/CdtTrfTxInf/UltmtDbtr/PstlAdr/BldgNb
Document/PmtRtr/TxInf/RtrChain/UltmtDbtr/Pty/PstlAdr/BldgNm,Document/FIToFICstmrCdtTrf/CdtTrfTxInf/UltmtDbtr/PstlAdr/BldgNm
Document/PmtRtr/TxInf/RtrChain/UltmtDbtr/Pty/PstlAdr/Flr,Document/FIToFICstmrCdtTrf/CdtTrfTxInf/UltmtDbtr/PstlAdr/Flr
Document/PmtRtr/TxInf/RtrChain/UltmtDbtr/Pty/PstlAdr/PstBx,Document/FIToFICstmrCdtTrf/CdtTrfTxInf/UltmtDbtr/PstlAdr/PstBx
Document/PmtRtr/TxInf/RtrChain/UltmtDbtr/Pty/PstlAdr/Room,Document/FIToFICstmrCdtTrf/CdtTrfTxInf/UltmtDbtr/PstlAdr/Room
Document/PmtRtr/TxInf/RtrChain/UltmtDbtr/Pty/PstlAdr/PstCd,Document/FIToFICstmrCdtTrf/CdtTrfTxInf/UltmtDbtr/PstlAdr/PstCd
Document/PmtRtr/TxInf/RtrChain/UltmtDbtr/Pty/PstlAdr/TwnNm,Document/FIToFICstmrCdtTrf/CdtTrfTxInf/UltmtDbtr/PstlAdr/TwnNm
Document/PmtRtr/TxInf/RtrChain/UltmtDbtr/Pty/PstlAdr/TwnLctnNm,Document/FIToFICstmrCdtTrf/CdtTrfTxInf/UltmtDbtr/PstlAdr/TwnLctnNm
Document/PmtRtr/TxInf/RtrChain/UltmtDbtr/Pty/PstlAdr/DstrctNm,Document/FIToFICstmrCdtTrf/CdtTrfTxInf/UltmtDbtr/PstlAdr/DstrctNm
Document/PmtRtr/TxInf/RtrChain/UltmtDbtr/Pty/PstlAdr/CtrySubDvsn,Document/FIToFICstmrCdtTrf/CdtTrfTxInf/UltmtDbtr/PstlAdr/CtrySubDvsn
Document/PmtRtr/TxInf/RtrChain/UltmtDbtr/Pty/PstlAdr/Ctry,Document/FIToFICstmrCdtTrf/CdtTrfTxInf/UltmtDbtr/PstlAdr/Ctry
Document/PmtRtr/TxInf/RtrChain/UltmtDbtr/Pty/PstlAdr/AdrLine,Document/FIToFICstmrCdtTrf/CdtTrfTxInf/UltmtDbtr/PstlAdr/AdrLine
Document/PmtRtr/TxInf/RtrChain/UltmtDbtr/Pty/Id/OrgId/AnyBIC,Document/FIToFICstmrCdtTrf/CdtTrfTxInf/UltmtDbtr/Id/OrgId/AnyBIC
Document/PmtRtr/TxInf/RtrChain/UltmtDbtr/Pty/Id/OrgId/LEI,Document/FIToFICstmrCdtTrf/CdtTrfTxInf/UltmtDbtr/Id/OrgId/LEI
Document/PmtRtr/TxInf/RtrChain/UltmtDbtr/Pty/Id/OrgId/Othr/Id,Document/FIToFICstmrCdtTrf/CdtTrfTxInf/UltmtDbtr/Id/OrgId/Othr/Id
Document/PmtRtr/TxInf/RtrChain/UltmtDbtr/Pty/Id/OrgId/Othr/Id/SchmeNm/Cd,Document/FIToFICstmrCdtTrf/CdtTrfTxInf/UltmtDbtr/Id/OrgId/Othr/SchmeNm/Cd
Document/PmtRtr/TxInf/RtrChain/UltmtDbtr/Pty/Id/OrgId/OthrIssr,Document/FIToFICstmrCdtTrf/CdtTrfTxInf/UltmtDbtr/Id/OrgId/Othr/Issr
Document/PmtRtr/TxInf/RtrChain/UltmtDbtr/Pty/Id/CtryOfRes,Document/FIToFICstmrCdtTrf/CdtTrfTxInf/UltmtDbtr/CtryOfRes
Document/PmtRtr/TxInf/RtrChain/Dbtr/Pty/Nm,Document/FIToFICstmrCdtTrf/CdtTrfTxInf/Dbtr/Nm
Document/PmtRtr/TxInf/RtrChain/Dbtr/Pty/PstlAdr/Dept,Document/FIToFICstmrCdtTrf/CdtTrfTxInf/Dbtr/PstlAdr/Dept
Document/PmtRtr/TxInf/RtrChain/Dbtr/Pty/PstlAdr/SubDept,Document/FIToFICstmrCdtTrf/CdtTrfTxInf/Dbtr/PstlAdr/SubDept
Document/PmtRtr/TxInf/RtrChain/Dbtr/Pty/PstlAdr/StrtNm,Document/FIToFICstmrCdtTrf/CdtTrfTxInf/Dbtr/PstlAdr/StrtNm
Document/PmtRtr/TxInf/RtrChain/Dbtr/Pty/PstlAdr/BldgNb,Document/FIToFICstmrCdtTrf/CdtTrfTxInf/Dbtr/PstlAdr/BldgNb
Document/PmtRtr/TxInf/RtrChain/Dbtr/Pty/PstlAdr/BldgNm,Document/FIToFICstmrCdtTrf/CdtTrfTxInf/Dbtr/PstlAdr/BldgNm
Document/PmtRtr/TxInf/RtrChain/Dbtr/Pty/PstlAdr/Flr,Document/FIToFICstmrCdtTrf/CdtTrfTxInf/Dbtr/PstlAdr/Flr
Document/PmtRtr/TxInf/RtrChain/Dbtr/Pty/PstlAdr/PstBx,Document/FIToFICstmrCdtTrf/CdtTrfTxInf/Dbtr/PstlAdr/PstBx
Document/PmtRtr/TxInf/RtrChain/Dbtr/Pty/PstlAdr/Room,Document/FIToFICstmrCdtTrf/CdtTrfTxInf/Dbtr/PstlAdr/Room
Document/PmtRtr/TxInf/RtrChain/Dbtr/Pty/PstlAdr/PstCd,Document/FIToFICstmrCdtTrf/CdtTrfTxInf/Dbtr/PstlAdr/PstCd
Document/PmtRtr/TxInf/RtrChain/Dbtr/Pty/PstlAdr/TwnNm,Document/FIToFICstmrCdtTrf/CdtTrfTxInf/Dbtr/PstlAdr/TwnNm
Document/PmtRtr/TxInf/RtrChain/Dbtr/Pty/PstlAdr/TwnLctnNm,Document/FIToFICstmrCdtTrf/CdtTrfTxInf/Dbtr/PstlAdr/TwnLctnNm
Document/PmtRtr/TxInf/RtrChain/Dbtr/Pty/PstlAdr/DstrctNm,Document/FIToFICstmrCdtTrf/CdtTrfTxInf/Dbtr/PstlAdr/DstrctNm
Document/PmtRtr/TxInf/RtrChain/Dbtr/Pty/PstlAdr/CtrySubDvsn,Document/FIToFICstmrCdtTrf/CdtTrfTxInf/Dbtr/PstlAdr/CtrySubDvsn
Document/PmtRtr/TxInf/RtrChain/Dbtr/Pty/PstlAdr/Ctry,Document/FIToFICstmrCdtTrf/CdtTrfTxInf/Dbtr/PstlAdr/Ctry
Document/PmtRtr/TxInf/RtrChain/Dbtr/Pty/PstlAdr/AdrLine,Document/FIToFICstmrCdtTrf/CdtTrfTxInf/Dbtr/PstlAdr/AdrLine
Document/PmtRtr/TxInf/RtrChain/Dbtr/Pty/Id/OrgId/AnyBIC,Document/FIToFICstmrCdtTrf/CdtTrfTxInf/Dbtr/Id/OrgId/AnyBIC
Document/PmtRtr/TxInf/RtrChain/Dbtr/Pty/Id/OrgId/LEI,Document/FIToFICstmrCdtTrf/CdtTrfTxInf/Dbtr/Id/OrgId/LEI
Document/PmtRtr/TxInf/RtrChain/Dbtr/Pty/Id/OrgId/Othr/Id,Document/FIToFICstmrCdtTrf/CdtTrfTxInf/Dbtr/Id/OrgId/Othr/Id
Document/PmtRtr/TxInf/RtrChain/Dbtr/Pty/Id/OrgId/Othr/Id/SchmeNm/Cd,Document/FIToFICstmrCdtTrf/CdtTrfTxInf/Dbtr/Id/OrgId/Othr/SchmeNm/Cd
Document/PmtRtr/TxInf/RtrChain/Dbtr/Pty/Id/OrgId/OthrIssr,Document/FIToFICstmrCdtTrf/CdtTrfTxInf/Dbtr/Id/OrgId/Othr/Issr
Document/PmtRtr/TxInf/RtrChain/Dbtr/Pty/Id/CtryOfRes,Document/FIToFICstmrCdtTrf/CdtTrfTxInf/Dbtr/CtryOfRes
Document/PmtRtr/TxInf/RtrChain/InitgPty/Pty/Nm,Document/FIToFICstmrCdtTrf/CdtTrfTxInf/InitgPty/Nm
Document/PmtRtr/TxInf/RtrChain/InitgPty/Pty/PstlAdr/Dept,Document/FIToFICstmrCdtTrf/CdtTrfTxInf/InitgPty/PstlAdr/Dept
Document/PmtRtr/TxInf/RtrChain/InitgPty/Pty/PstlAdr/SubDept,Document/FIToFICstmrCdtTrf/CdtTrfTxInf/InitgPty/PstlAdr/SubDept
Document/PmtRtr/TxInf/RtrChain/InitgPty/Pty/PstlAdr/StrtNm,Document/FIToFICstmrCdtTrf/CdtTrfTxInf/InitgPty/PstlAdr/StrtNm
Document/PmtRtr/TxInf/RtrChain/InitgPty/Pty/PstlAdr/BldgNb,Document/FIToFICstmrCdtTrf/CdtTrfTxInf/InitgPty/PstlAdr/BldgNb
Document/PmtRtr/TxInf/RtrChain/InitgPty/Pty/PstlAdr/BldgNm,Document/FIToFICstmrCdtTrf/CdtTrfTxInf/InitgPty/PstlAdr/BldgNm
Document/PmtRtr/TxInf/RtrChain/InitgPty/Pty/PstlAdr/Flr,Document/FIToFICstmrCdtTrf/CdtTrfTxInf/InitgPty/PstlAdr/Flr
Document/PmtRtr/TxInf/RtrChain/InitgPty/Pty/PstlAdr/PstBx,Document/FIToFICstmrCdtTrf/CdtTrfTxInf/InitgPty/PstlAdr/PstBx
Document/PmtRtr/TxInf/RtrChain/InitgPty/Pty/PstlAdr/Room,Document/FIToFICstmrCdtTrf/CdtTrfTxInf/InitgPty/PstlAdr/Room
Document/PmtRtr/TxInf/RtrChain/InitgPty/Pty/PstlAdr/PstCd,Document/FIToFICstmrCdtTrf/CdtTrfTxInf/InitgPty/PstlAdr/PstCd
Document/PmtRtr/TxInf/RtrChain/InitgPty/Pty/PstlAdr/TwnNm,Document/FIToFICstmrCdtTrf/CdtTrfTxInf/InitgPty/PstlAdr/TwnNm
Document/PmtRtr/TxInf/RtrChain/InitgPty/Pty/PstlAdr/TwnLctnNm,Document/FIToFICstmrCdtTrf/CdtTrfTxInf/InitgPty/PstlAdr/TwnLctnNm
Document/PmtRtr/TxInf/RtrChain/InitgPty/Pty/PstlAdr/DstrctNm,Document/FIToFICstmrCdtTrf/CdtTrfTxInf/InitgPty/PstlAdr/DstrctNm
Document/PmtRtr/TxInf/RtrChain/InitgPty/Pty/PstlAdr/CtrySubDvsn,Document/FIToFICstmrCdtTrf/CdtTrfTxInf/InitgPty/PstlAdr/CtrySubDvsn
Document/PmtRtr/TxInf/RtrChain/InitgPty/Pty/PstlAdr/Ctry,Document/FIToFICstmrCdtTrf/CdtTrfTxInf/InitgPty/PstlAdr/Ctry
Document/PmtRtr/TxInf/RtrChain/InitgPty/Pty/PstlAdr/AdrLine,Document/FIToFICstmrCdtTrf/CdtTrfTxInf/InitgPty/PstlAdr/AdrLine
Document/PmtRtr/TxInf/RtrChain/InitgPty/Pty/Id/OrgId/AnyBIC,Document/FIToFICstmrCdtTrf/CdtTrfTxInf/InitgPty/Id/OrgId/AnyBIC
Document/PmtRtr/TxInf/RtrChain/InitgPty/Pty/Id/OrgId/LEI,Document/FIToFICstmrCdtTrf/CdtTrfTxInf/InitgPty/Id/OrgId/LEI
Document/PmtRtr/TxInf/RtrChain/InitgPty/Pty/Id/OrgId/Othr/Id,Document/FIToFICstmrCdtTrf/CdtTrfTxInf/InitgPty/Id/OrgId/Othr/Id
Document/PmtRtr/TxInf/RtrChain/InitgPty/Pty/Id/OrgId/Othr/Id/SchmeNm/Cd,Document/FIToFICstmrCdtTrf/CdtTrfTxInf/InitgPty/Id/OrgId/Othr/SchmeNm/Cd
Document/PmtRtr/TxInf/RtrChain/InitgPty/Pty/Id/OrgId/Othr/Issr,Document/FIToFICstmrCdtTrf/CdtTrfTxInf/InitgPty/Id/OrgId/Othr/Issr
Document/PmtRtr/TxInf/RtrChain/InitgPty/Pty/Id/CtryOfRes,Document/FIToFICstmrCdtTrf/CdtTrfTxInf/InitgPty/CtryOfRes
Document/PmtRtr/TxInf/RtrChain/Cdtr/Pty/Nm,Document/FIToFICstmrCdtTrf/CdtTrfTxInf/Cdtr/Nm
Document/PmtRtr/TxInf/RtrChain/Cdtr/Pty/PstlAdr/Dept,Document/FIToFICstmrCdtTrf/CdtTrfTxInf/Cdtr/PstlAdr/Dept
Document/PmtRtr/TxInf/RtrChain/Cdtr/Pty/PstlAdr/SubDept,Document/FIToFICstmrCdtTrf/CdtTrfTxInf/Cdtr/PstlAdr/SubDept
Document/PmtRtr/TxInf/RtrChain/Cdtr/Pty/PstlAdr/StrtNm,Document/FIToFICstmrCdtTrf/CdtTrfTxInf/Cdtr/PstlAdr/StrtNm
Document/PmtRtr/TxInf/RtrChain/Cdtr/Pty/PstlAdr/BldgNb,Document/FIToFICstmrCdtTrf/CdtTrfTxInf/Cdtr/PstlAdr/BldgNb
Document/PmtRtr/TxInf/RtrChain/Cdtr/Pty/PstlAdr/BldgNm,Document/FIToFICstmrCdtTrf/CdtTrfTxInf/Cdtr/PstlAdr/BldgNm
Document/PmtRtr/TxInf/RtrChain/Cdtr/Pty/PstlAdr/Flr,Document/FIToFICstmrCdtTrf/CdtTrfTxInf/Cdtr/PstlAdr/Flr
Document/PmtRtr/TxInf/RtrChain/Cdtr/Pty/PstlAdr/PstBx,Document/FIToFICstmrCdtTrf/CdtTrfTxInf/Cdtr/PstlAdr/PstBx
Document/PmtRtr/TxInf/RtrChain/Cdtr/Pty/PstlAdr/Room,Document/FIToFICstmrCdtTrf/CdtTrfTxInf/Cdtr/PstlAdr/Room
Document/PmtRtr/TxInf/RtrChain/Cdtr/Pty/PstlAdr/PstCd,Document/FIToFICstmrCdtTrf/CdtTrfTxInf/Cdtr/PstlAdr/PstCd
Document/PmtRtr/TxInf/RtrChain/Cdtr/Pty/PstlAdr/TwnNm,Document/FIToFICstmrCdtTrf/CdtTrfTxInf/Cdtr/PstlAdr/TwnNm
Document/PmtRtr/TxInf/RtrChain/Cdtr/Pty/PstlAdr/TwnLctnNm,Document/FIToFICstmrCdtTrf/CdtTrfTxInf/Cdtr/PstlAdr/TwnLctnNm
Document/PmtRtr/TxInf/RtrChain/Cdtr/Pty/PstlAdr/DstrctNm,Document/FIToFICstmrCdtTrf/CdtTrfTxInf/Cdtr/PstlAdr/DstrctNm
Document/PmtRtr/TxInf/RtrChain/Cdtr/Pty/PstlAdr/CtrySubDvsn,Document/FIToFICstmrCdtTrf/CdtTrfTxInf/Cdtr/PstlAdr/CtrySubDvsn
Document/PmtRtr/TxInf/RtrChain/Cdtr/Pty/PstlAdr/Ctry,Document/FIToFICstmrCdtTrf/CdtTrfTxInf/Cdtr/PstlAdr/Ctry
Document/PmtRtr/TxInf/RtrChain/Cdtr/Pty/PstlAdr/AdrLine,Document/FIToFICstmrCdtTrf/CdtTrfTxInf/Cdtr/PstlAdr/AdrLine
Document/PmtRtr/TxInf/RtrChain/Cdtr/Pty/Id/OrgId/AnyBIC,Document/FIToFICstmrCdtTrf/CdtTrfTxInf/Cdtr/Id/OrgId/AnyBIC
Document/PmtRtr/TxInf/RtrChain/Cdtr/Pty/Id/OrgId/LEI,Document/FIToFICstmrCdtTrf/CdtTrfTxInf/Cdtr/Id/OrgId/LEI
Document/PmtRtr/TxInf/RtrChain/Cdtr/Pty/Id/OrgId/Othr/Id,Document/FIToFICstmrCdtTrf/CdtTrfTxInf/Cdtr/Id/OrgId/Othr/Id
Document/PmtRtr/TxInf/RtrChain/Cdtr/Pty/Id/OrgId/Othr/Id/SchmeNm/Cd,Document/FIToFICstmrCdtTrf/CdtTrfTxInf/Cdtr/Id/OrgId/Othr/SchmeNm/Cd
Document/PmtRtr/TxInf/RtrChain/Cdtr/Pty/Id/OrgId/OthrIssr,Document/FIToFICstmrCdtTrf/CdtTrfTxInf/Cdtr/Id/OrgId/Othr/Issr
Document/PmtRtr/TxInf/RtrChain/Cdtr/Pty/Id/CtryOfRes,Document/FIToFICstmrCdtTrf/CdtTrfTxInf/Cdtr/CtryOfRes
Document/PmtRtr/TxInf/RtrChain/UltmtCdtr/Pty/Nm,Document/FIToFICstmrCdtTrf/CdtTrfTxInf/UltmtCdtr/Nm
Document/PmtRtr/TxInf/RtrChain/UltmtCdtr/Pty/PstlAdr/Dept,Document/FIToFICstmrCdtTrf/CdtTrfTxInf/UltmtCdtr/PstlAdr/Dept
Document/PmtRtr/TxInf/RtrChain/UltmtCdtr/Pty/PstlAdr/SubDept,Document/FIToFICstmrCdtTrf/CdtTrfTxInf/UltmtCdtr/PstlAdr/SubDept
Document/PmtRtr/TxInf/RtrChain/UltmtCdtr/Pty/PstlAdr/StrtNm,Document/FIToFICstmrCdtTrf/CdtTrfTxInf/UltmtCdtr/PstlAdr/StrtNm
Document/PmtRtr/TxInf/RtrChain/UltmtCdtr/Pty/PstlAdr/BldgNb,Document/FIToFICstmrCdtTrf/CdtTrfTxInf/UltmtCdtr/PstlAdr/BldgNb
Document/PmtRtr/TxInf/RtrChain/UltmtCdtr/Pty/PstlAdr/BldgNm,Document/FIToFICstmrCdtTrf/CdtTrfTxInf/UltmtCdtr/PstlAdr/BldgNm
Document/PmtRtr/TxInf/RtrChain/UltmtCdtr/Pty/PstlAdr/Flr,Document/FIToFICstmrCdtTrf/CdtTrfTxInf/UltmtCdtr/PstlAdr/Flr
Document/PmtRtr/TxInf/RtrChain/UltmtCdtr/Pty/PstlAdr/PstBx,Document/FIToFICstmrCdtTrf/CdtTrfTxInf/UltmtCdtr/PstlAdr/PstBx
Document/PmtRtr/TxInf/RtrChain/UltmtCdtr/Pty/PstlAdr/Room,Document/FIToFICstmrCdtTrf/CdtTrfTxInf/UltmtCdtr/PstlAdr/Room
Document/PmtRtr/TxInf/RtrChain/UltmtCdtr/Pty/PstlAdr/PstCd,Document/FIToFICstmrCdtTrf/CdtTrfTxInf/UltmtCdtr/PstlAdr/PstCd
Document/PmtRtr/TxInf/RtrChain/UltmtCdtr/Pty/PstlAdr/TwnNm,Document/FIToFICstmrCdtTrf/CdtTrfTxInf/UltmtCdtr/PstlAdr/TwnNm
Document/PmtRtr/TxInf/RtrChain/UltmtCdtr/Pty/PstlAdr/TwnLctnNm,Document/FIToFICstmrCdtTrf/CdtTrfTxInf/UltmtCdtr/PstlAdr/TwnLctnNm
Document/PmtRtr/TxInf/RtrChain/UltmtCdtr/Pty/PstlAdr/DstrctNm,Document/FIToFICstmrCdtTrf/CdtTrfTxInf/UltmtCdtr/PstlAdr/DstrctNm
Document/PmtRtr/TxInf/RtrChain/UltmtCdtr/Pty/PstlAdr/CtrySubDvsn,Document/FIToFICstmrCdtTrf/CdtTrfTxInf/UltmtCdtr/PstlAdr/CtrySubDvsn
Document/PmtRtr/TxInf/RtrChain/UltmtCdtr/Pty/PstlAdr/Ctry,Document/FIToFICstmrCdtTrf/CdtTrfTxInf/UltmtCdtr/PstlAdr/Ctry
Document/PmtRtr/TxInf/RtrChain/UltmtCdtr/Pty/PstlAdr/AdrLine,Document/FIToFICstmrCdtTrf/CdtTrfTxInf/UltmtCdtr/PstlAdr/AdrLine
Document/PmtRtr/TxInf/RtrChain/UltmtCdtr/Pty/Id/OrgId/AnyBIC,Document/FIToFICstmrCdtTrf/CdtTrfTxInf/UltmtCdtr/Id/OrgId/AnyBIC
Document/PmtRtr/TxInf/RtrChain/UltmtCdtr/Pty/Id/OrgId/LEI,Document/FIToFICstmrCdtTrf/CdtTrfTxInf/UltmtCdtr/Id/OrgId/LEI
Document/PmtRtr/TxInf/RtrChain/UltmtCdtr/Pty/Id/OrgId/Othr/Id,Document/FIToFICstmrCdtTrf/CdtTrfTxInf/UltmtCdtr/Id/OrgId/Othr/Id
Document/PmtRtr/TxInf/RtrChain/UltmtCdtr/Pty/Id/OrgId/Othr/Id/SchmeNm/Cd,Document/FIToFICstmrCdtTrf/CdtTrfTxInf/UltmtCdtr/Id/OrgId/Othr/SchmeNm/Cd
Document/PmtRtr/TxInf/RtrChain/UltmtCdtr/Pty/Id/OrgId/OthrIssr,Document/FIToFICstmrCdtTrf/CdtTrfTxInf/UltmtCdtr/Id/OrgId/Othr/Issr
Document/PmtRtr/TxInf/RtrChain/UltmtCdtr/Pty/Id/CtryOfRes,Document/FIToFICstmrCdtTrf/CdtTrfTxInf/UltmtCdtr/CtryOfRes
Document/PmtRtr/TxInf/RtrChain/DbtrAcct/Id/IBAN,Document/FIToFICstmrCdtTrf/CdtTrfTxInf/DbtrAcct/Id/IBAN
Document/PmtRtr/TxInf/RtrChain/DbtrAcct/Tp/Cd,Document/FIToFICstmrCdtTrf/CdtTrfTxInf/DbtrAcct/Tp/Cd
Document/PmtRtr/TxInf/RtrChain/DbtrAcct/Prxy/Tp/Cd,Document/FIToFICstmrCdtTrf/CdtTrfTxInf/DbtrAcct/Prxy/Tp/Cd
Document/PmtRtr/TxInf/RtrChain/CdtrAcct/Id/IBAN,Document/FIToFICstmrCdtTrf/CdtTrfTxInf/CdtrAcct/Id/IBAN
Document/PmtRtr/TxInf/RtrChain/CdtrAcct/Tp/Cd,Document/FIToFICstmrCdtTrf/CdtTrfTxInf/CdtrAcct/Tp/Cd
Document/PmtRtr/TxInf/RtrChain/CdtrAcct/Prxy/Tp/Cd,Document/FIToFICstmrCdtTrf/CdtTrfTxInf/CdtrAcct/Prxy/Tp/Cd
Document/PmtRtr/TxInf/RtrChain/DbtrAgt/FinInstnId/BICFI,Document/FIToFICstmrCdtTrf/CdtTrfTxInf/DbtrAgt/FinInstnId/BICFI
Document/PmtRtr/TxInf/RtrChain/DbtrAgt/FinInstnId/ClrSysMmbId/ClrSysId/Cd,Document/FIToFICstmrCdtTrf/CdtTrfTxInf/DbtrAgt/FinInstnId/ClrSysMmbId/ClrSysId/Cd
Document/PmtRtr/TxInf/RtrChain/DbtrAgt/FinInstnId/ClrSysMmbId/MmbId,Document/FIToFICstmrCdtTrf/CdtTrfTxInf/DbtrAgt/FinInstnId/ClrSysMmbId/MmbId
Document/PmtRtr/TxInf/RtrChain/DbtrAgt/FinInstnId/LEI,Document/FIToFICstmrCdtTrf/CdtTrfTxInf/DbtrAgt/FinInstnId/LEI
Document/PmtRtr/TxInf/RtrChain/DbtrAgt/FinInstnId/Nm,Document/FIToFICstmrCdtTrf/CdtTrfTxInf/DbtrAgt/FinInstnId/Nm
Document/PmtRtr/TxInf/RtrChain/DbtrAgt/FinInstnId/PstlAdr/Dept,Document/FIToFICstmrCdtTrf/CdtTrfTxInf/DbtrAgt/FinInstnId/PstlAdr/Dept
Document/PmtRtr/TxInf/RtrChain/DbtrAgt/FinInstnId/PstlAdr/SubDept,Document/FIToFICstmrCdtTrf/CdtTrfTxInf/DbtrAgt/FinInstnId/PstlAdr/SubDept
Document/PmtRtr/TxInf/RtrChain/DbtrAgt/FinInstnId/PstlAdr/StrtNm,Document/FIToFICstmrCdtTrf/CdtTrfTxInf/DbtrAgt/FinInstnId/PstlAdr/StrtNm
Document/PmtRtr/TxInf/RtrChain/DbtrAgt/FinInstnId/PstlAdr/BldgNb,Document/FIToFICstmrCdtTrf/CdtTrfTxInf/DbtrAgt/FinInstnId/PstlAdr/BldgNb
Document/PmtRtr/TxInf/RtrChain/DbtrAgt/FinInstnId/PstlAdr/BldgNm,Document/FIToFICstmrCdtTrf/CdtTrfTxInf/DbtrAgt/FinInstnId/PstlAdr/BldgNm
Document/PmtRtr/TxInf/RtrChain/DbtrAgt/FinInstnId/PstlAdr/Flr,Document/FIToFICstmrCdtTrf/CdtTrfTxInf/DbtrAgt/FinInstnId/PstlAdr/Flr
Document/PmtRtr/TxInf/RtrChain/DbtrAgt/FinInstnId/PstlAdr/PstBx,Document/FIToFICstmrCdtTrf/CdtTrfTxInf/DbtrAgt/FinInstnId/PstlAdr/PstBx
Document/PmtRtr/TxInf/RtrChain/DbtrAgt/FinInstnId/PstlAdr/Room,Document/FIToFICstmrCdtTrf/CdtTrfTxInf/DbtrAgt/FinInstnId/PstlAdr/Room
Document/PmtRtr/TxInf/RtrChain/DbtrAgt/FinInstnId/PstlAdr/PstCd,Document/FIToFICstmrCdtTrf/CdtTrfTxInf/DbtrAgt/FinInstnId/PstlAdr/PstCd
Document/PmtRtr/TxInf/RtrChain/DbtrAgt/FinInstnId/PstlAdr/TwnNm,Document/FIToFICstmrCdtTrf/CdtTrfTxInf/DbtrAgt/FinInstnId/PstlAdr/TwnNm
Document/PmtRtr/TxInf/RtrChain/DbtrAgt/FinInstnId/PstlAdr/TwnLctnNm,Document/FIToFICstmrCdtTrf/CdtTrfTxInf/DbtrAgt/FinInstnId/PstlAdr/TwnLctnNm
Document/PmtRtr/TxInf/RtrChain/DbtrAgt/FinInstnId/PstlAdr/DstrctNm,Document/FIToFICstmrCdtTrf/CdtTrfTxInf/DbtrAgt/FinInstnId/PstlAdr/DstrctNm
Document/PmtRtr/TxInf/RtrChain/DbtrAgt/FinInstnId/PstlAdr/CtrySubDvsn,Document/FIToFICstmrCdtTrf/CdtTrfTxInf/DbtrAgt/FinInstnId/PstlAdr/CtrySubDvsn
Document/PmtRtr/TxInf/RtrChain/DbtrAgt/FinInstnId/PstlAdr/Ctry,Document/FIToFICstmrCdtTrf/CdtTrfTxInf/DbtrAgt/FinInstnId/PstlAdr/Ctry
Document/PmtRtr/TxInf/RtrChain/DbtrAgt/FinInstnId/PstlAdr/AdrLine,Document/FIToFICstmrCdtTrf/CdtTrfTxInf/DbtrAgt/FinInstnId/PstlAdr/AdrLine
Document/PmtRtr/TxInf/RtrChain/CdtrAgt/FinInstnId/BICFI,Document/FIToFICstmrCdtTrf/CdtTrfTxInf/CdtrAgt/FinInstnId/BICFI
Document/PmtRtr/TxInf/RtrChain/CdtrAgt/FinInstnId/ClrSysMmbId/ClrSysId/Cd,Document/FIToFICstmrCdtTrf/CdtTrfTxInf/CdtrAgt/FinInstnId/ClrSysMmbId/ClrSysId/Cd
Document/PmtRtr/TxInf/RtrChain/CdtrAgt/FinInstnId/ClrSysMmbId/MmbId,Document/FIToFICstmrCdtTrf/CdtTrfTxInf/CdtrAgt/FinInstnId/ClrSysMmbId/MmbId
Document/PmtRtr/TxInf/RtrChain/CdtrAgt/FinInstnId/LEI,Document/FIToFICstmrCdtTrf/CdtTrfTxInf/CdtrAgt/FinInstnId/LEI
Document/PmtRtr/TxInf/RtrChain/CdtrAgt/FinInstnId/Nm,Document/FIToFICstmrCdtTrf/CdtTrfTxInf/CdtrAgt/FinInstnId/Nm
Document/PmtRtr/TxInf/RtrChain/CdtrAgt/FinInstnId/PstlAdr/Dept,Document/FIToFICstmrCdtTrf/CdtTrfTxInf/CdtrAgt/FinInstnId/PstlAdr/Dept
Document/PmtRtr/TxInf/RtrChain/CdtrAgt/FinInstnId/PstlAdr/SubDept,Document/FIToFICstmrCdtTrf/CdtTrfTxInf/CdtrAgt/FinInstnId/PstlAdr/SubDept
Document/PmtRtr/TxInf/RtrChain/CdtrAgt/FinInstnId/PstlAdr/StrtNm,Document/FIToFICstmrCdtTrf/CdtTrfTxInf/CdtrAgt/FinInstnId/PstlAdr/StrtNm
Document/PmtRtr/TxInf/RtrChain/CdtrAgt/FinInstnId/PstlAdr/BldgNb,Document/FIToFICstmrCdtTrf/CdtTrfTxInf/CdtrAgt/FinInstnId/PstlAdr/BldgNb
Document/PmtRtr/TxInf/RtrChain/CdtrAgt/FinInstnId/PstlAdr/BldgNm,Document/FIToFICstmrCdtTrf/CdtTrfTxInf/CdtrAgt/FinInstnId/PstlAdr/BldgNm
Document/PmtRtr/TxInf/RtrChain/CdtrAgt/FinInstnId/PstlAdr/Flr,Document/FIToFICstmrCdtTrf/CdtTrfTxInf/CdtrAgt/FinInstnId/PstlAdr/Flr
Document/PmtRtr/TxInf/RtrChain/CdtrAgt/FinInstnId/PstlAdr/PstBx,Document/FIToFICstmrCdtTrf/CdtTrfTxInf/CdtrAgt/FinInstnId/PstlAdr/PstBx
Document/PmtRtr/TxInf/RtrChain/CdtrAgt/FinInstnId/PstlAdr/Room,Document/FIToFICstmrCdtTrf/CdtTrfTxInf/CdtrAgt/FinInstnId/PstlAdr/Room
Document/PmtRtr/TxInf/RtrChain/CdtrAgt/FinInstnId/PstlAdr/PstCd,Document/FIToFICstmrCdtTrf/CdtTrfTxInf/CdtrAgt/FinInstnId/PstlAdr/PstCd
Document/PmtRtr/TxInf/RtrChain/CdtrAgt/FinInstnId/PstlAdr/TwnNm,Document/FIToFICstmrCdtTrf/CdtTrfTxInf/CdtrAgt/FinInstnId/PstlAdr/TwnNm
Document/PmtRtr/TxInf/RtrChain/CdtrAgt/FinInstnId/PstlAdr/TwnLctnNm,Document/FIToFICstmrCdtTrf/CdtTrfTxInf/CdtrAgt/FinInstnId/PstlAdr/TwnLctnNm
Document/PmtRtr/TxInf/RtrChain/CdtrAgt/FinInstnId/PstlAdr/DstrctNm,Document/FIToFICstmrCdtTrf/CdtTrfTxInf/CdtrAgt/FinInstnId/PstlAdr/DstrctNm
Document/PmtRtr/TxInf/RtrChain/CdtrAgt/FinInstnId/PstlAdr/CtrySubDvsn,Document/FIToFICstmrCdtTrf/CdtTrfTxInf/CdtrAgt/FinInstnId/PstlAdr/CtrySubDvsn
Document/PmtRtr/TxInf/RtrChain/CdtrAgt/FinInstnId/PstlAdr/Ctry,Document/FIToFICstmrCdtTrf/CdtTrfTxInf/CdtrAgt/FinInstnId/PstlAdr/Ctry
Document/PmtRtr/TxInf/RtrChain/CdtrAgt/FinInstnId/PstlAdr/AdrLine,Document/FIToFICstmrCdtTrf/CdtTrfTxInf/CdtrAgt/FinInstnId/PstlAdr/AdrLine
Document/PmtRtr/TxInf/RtrRsnInf/Orgtr/Nm,Document
Document/PmtRtr/TxInf/RtrRsnInf/Orgtr/Id/OrgId/AnyBIC,Document
Document/PmtRtr/TxInf/RtrRsnInf/Orgtr/Id/OrgId/LEI,Document
Document/PmtRtr/TxInf/RtrRsnInf/Orgtr/Id/OrgId/Othr/Id,Document
Document/PmtRtr/TxInf/RtrRsnInf/Orgtr/Id/OrgId/Othr/SchmeNm/Cd,Document
Document/PmtRtr/TxInf/RtrRsnInf/Orgtr/Id/OrgId/Othr/Issr,Document
Document/PmtRtr/TxInf/RtrRsnInf/Orgtr/CtctDtls/Nm,Document
Document/PmtRtr/TxInf/RtrRsnInf/Orgtr/CtctDtls/PhneNb,Document
Document/PmtRtr/TxInf/RtrRsnInf/Orgtr/CtctDtls/MobNb,Document
Document/PmtRtr/TxInf/RtrRsnInf/Orgtr/CtctDtls/EmailAdr,Document
Document/PmtRtr/TxInf/RtrRsnInf/Orgtr/CtctDtls/Dept,Document
Document/PmtRtr/TxInf/RtrRsnInf/Orgtr/CtctDtls/PrefrdMtd,Document
Document/PmtRtr/TxInf/OrgnlTxRef/PmtTpInf/LclInstrm/Prtry,Document/FIToFICstmrCdtTrf/CdtTrfTxInf/PmtTpInf/LclInstrm/Prtry
