STP-COREBANKING-IN__PACS.008.001.08,FEDNCTTQ
STP-COREBANKING-IN__PACS.004.001.10,FEDNRTTQ
STP-COREBANKING-IN__CAMT.056.001.08,FEDNRCTQ
STP-COREBANKING-IN__CAMT.029.001.09,FEDNNRTQ
STP-COREBANKING-IN__PAIN.013.001.07,FEDNRPTQ
STP-COREBANKING-IN__PAIN.014.001.07,FEDNRRTQ
STP-COREBANKING-IN__PACS.002.001.10,FEDNSTTQ
STP-COREBANKING-IN__PACS.028.001.03,FEDNRPSQ
SWIFT-FEDNOW-IN__PACS.008.001.08,FEDNCCIQ
SWIFT-FEDNOW-IN__PACS.004.001.10,FEDNRTIQ
SWIFT-FEDNOW-IN__CAMT.056.001.08,FEDNRCIQ
SWIFT-FEDNOW-IN__CAMT.029.001.09,FEDNNRIQ
SWIFT-FEDNOW-IN__PAIN.013.001.07,FEDNRPIQ
SWIFT-FEDNOW-IN__PAIN.014.001.07,FEDNRRIQ
SWIFT-FEDNOW-IN__PACS.002.001.10,FEDNSTIQ
SWIFT-FEDNOW-IN__PACS.028.001.03,FEDNRSIQ
PELICAN__PACS.008.001.08,FEDNCTTQ
PELICAN__PACS.004.001.10,FEDNRTTQ
PELICAN__CAMT.056.001.08,FEDNRCTQ
PELICAN__CAMT.029.001.09,FEDNNRTQ
PELICAN__PAIN.013.001.07,FEDNRPTQ
PELICAN__PAIN.014.001.07,FEDNRRTQ
PELICAN__PACS.002.001.10,FEDNSTTQ
PELICAN__PACS.028.001.03,FEDNRPSQ
