DDMC,DDMC
DDMP,DDMP
DDMU,DDMU
BPA,BPA
IPA,IPA
TRF,TRF
82,82
83,83
CPP,CPP
RTR,RTR
GST,GST
DDT,DDT
RDD,RDD
CHN,CHN
STR,STR
SDD,SDD
SRT,SRT
SRD,SRD
SCN,SCN
SGT,SGT
CARD,CARD
05,5
04,4
ISE,ISE
BSE,BSE
58,58
19,19
ASTI,ASTI
BACP,BACP
MANP,MANP
SBTI,SBTI
85,85
08,8
89,89
60,60
RIBA,RIBA
RIDO,RIDO
RIDV,RIDV
IDEAL,IDEAL
INSTNT01,INSTNT01
INSTTC01,INSTTC01
INSTIDEAL,INSTIDEAL
INSTNT01IDEAL,INSTNT01IDEAL
INSTTC01IDEAL,INSTTC01IDEAL
NLDO,NLDO
NLUP,NLUP
ACCEPT,ACCEPT
SDN,SDN
ICMC,ICMC
NLGOV,NLGOV
IN,IN
ONCL,ONCL
PERI,PERI
SDCL,SDCL
DDNR,DDNR
DDFA,DDFA
CORE,CORE
B2BAMIPM,B2BAMIPM
B2B,B2B
CR1AMIPM,CR1AMIPM
CORAMIPM,CORAMIPM
COR1,COR1
FADAMIPM,FADAMIPM
INST,INST
ADD,ADD
UDD,UDD
CCI,CCI
IAT,IAT
CCD,CCD
CTX,CTX
PPD,PPD
CIE,CIE
RCK,RCK
ARC,ARC
WEB,WEB
POP,POP
POS,POS
TEL,TEL
