AB01,AB01
AB02,AB02
AB03,AB03
AB04,AB04
AB05,AB05
AB06,AB06
AB07,AB07
AB08,AB08
AB09,AB09
AB10,AB10
AB11,AB11
AC01,AC01
AC02,AC02
AC03,AC03
AC04,AC04
AC05,AC05
AC06,AC06
AC07,AC07
AC08,AC08
AC09,AC09
AC10,AC10
AC11,AC11
AC12,AC12
AC13,AC13
AC14,AC14
AC15,AC15
AG01,AG01
AG02,AG02
AG03,AG03
AG04,AG04
AG05,AG05
AG06,AG06
AG07,AG07
AG08,AG08
AG09,AG09
AG10,AG10
AG11,AG11
AG12,AG12
AG13,AG13
AGNT,AGNT
AM01,AM01
AM02,AM02
AM03,AM03
AM04,AM04
AM05,AM05
AM06,AM06
AM07,AM07
AM09,AM09
AM10,AM10
AM11,AM11
AM12,AM12
AM13,AM13
AM14,AM14
AM15,AM15
AM16,AM16
AM17,AM17
AM18,AM18
AM19,AM19
AM20,AM20
AM21,AM21
AM22,AM22
AM23,AM23
BE01,BE01
BE04,BE04
BE05,BE05
BE06,BE06
BE07,BE07
BE08,BE08
BE09,BE09
BE10,BE10
BE11,BE11
BE12,BE12
BE13,BE13
BE14,BE14
BE15,BE15
BE16,BE16
BE17,BE17
BE18,BE18
BE19,BE19
BE20,BE20
BE21,BE21
BE22,BE22
CERI,CERI
CH03,CH03
CH04,CH04
CH07,CH07
CH09,CH09
CH10,CH10
CH11,CH11
CH12,CH12
CH13,CH13
CH14,CH14
CH15,CH15
CH16,CH16
CH17,CH17
CH19,CH19
CH20,CH20
CH21,CH21
CH22,CH22
CNOR,CNOR
CURR,CURR
CUST,CUST
CUTA,CUTA
DNOR,DNOR
DS01,DS01
DS02,DS02
DS03,DS03
DS04,DS04
DS05,DS05
DS06,DS06
DS07,DS07
DS08,DS08
DS09,DS09
DS0A,DS0A
DS0B,DS0B
DS0C,DS0C
DS0D,DS0D
DS0E,DS0E
DS0F,DS0F
DS0G,DS0G
DS0H,DS0H
DS0K,DS0K
DS10,DS10
DS11,DS11
DS12,DS12
DS13,DS13
DS14,DS14
DS15,DS15
DS16,DS16
DS17,DS17
DS18,DS18
DS19,DS19
DS20,DS20
DS21,DS21
DS22,DS22
DS23,DS23
DS24,DS24
DS25,DS25
DS26,DS26
DS27,DS27
DT01,DT01
DT02,DT02
DT03,DT03
DT04,DT04
DT05,DT05
DT06,DT06
DU01,DU01
DU02,DU02
DU03,DU03
DU04,DU04
DU05,DU05
DUPL,DUPL
ED01,ED01
ED03,ED03
ED05,ED05
ED06,ED06
ERIN,ERIN
FF01,FF01
FF02,FF02
FF03,FF03
FF04,FF04
FF05,FF05
FF06,FF06
FF07,FF07
FF08,FF08
FF09,FF09
FF10,FF10
FF11,FF11
FRAD,FRAD
G000,G000
G001,G001
G002,G002
G003,G003
G004,G004
G005,G005
G006,G006
ID01,ID01
MD01,MD01
MD02,MD02
MD05,MD05
MD06,MD06
MD07,MD07
MS02,MS02
MS03,MS03
NARR,NARR
NERI,NERI
RC01,RC01
RC02,RC02
RC03,RC03
RC04,RC04
RC05,RC05
RC06,RC06
RC07,RC07
RC08,RC08
RC09,RC09
RC10,RC10
RC11,RC11
RC12,RC12
RCON,RCON
RECI,RECI
RF01,RF01
RR01,RR01
RR02,RR02
RR03,RR03
RR04,RR04
RR05,RR05
RR06,RR06
RR07,RR07
RR08,RR08
RR09,RR09
RR10,RR10
RR11,RR11
RR12,RR12
S000,S000
S001,S001
S002,S002
S003,S003
S004,S004
SL01,SL01
SL02,SL02
SL03,SL03
SL11,SL11
SL12,SL12
SL13,SL13
SL14,SL14
SVNR,SVNR
TA01,TA01
TD01,TD01
TD02,TD02
TD03,TD03
TECH,TECH
TK01,TK01
TK02,TK02
TK03,TK03
TK09,TK09
TKCM,TKCM
TKSG,TKSG
TKSP,TKSP
TKVE,TKVE
TKXP,TKXP
TM01,TM01
TS01,TS01
TS04,TS04
UPAY,UPAY